{
  "loss": [
    0.00029682135209441185,
    9.819057595450431e-05,
    6.665955152129754e-05,
    5.5720011005178094e-05,
    5.302788122207858e-05,
    4.755397458211519e-05,
    4.2038005631184205e-05,
    4.4494874600786716e-05,
    3.993485006503761e-05,
    3.7537589378189296e-05,
    3.785437365877442e-05,
    3.448259303695522e-05,
    3.4732383937807754e-05,
    3.36350203724578e-05,
    3.360655682627112e-05,
    3.293619374744594e-05,
    3.150624252157286e-05,
    3.162023858749308e-05,
    3.300697426311672e-05,
    3.225484033464454e-05,
    3.209745409549214e-05,
    3.1857551221037284e-05,
    3.2489992008777335e-05,
    3.1554543966194615e-05,
    3.1368683266919106e-05,
    3.184087836416438e-05,
    3.183418812113814e-05,
    3.173605364281684e-05,
    3.1627445423509926e-05,
    3.170466879964806e-05,
    3.1422834581462666e-05,
    3.29804424836766e-05,
    3.258012293372303e-05
  ],
  "val_loss": [
    3.0408944439841434e-05,
    2.9832810469088145e-05,
    2.4517485144315287e-05,
    3.073487459914759e-05,
    3.777235542656854e-05,
    2.2583399186260067e-05,
    3.217365519958548e-05,
    2.3964255888131447e-05,
    1.960409281309694e-05,
    2.089521149173379e-05,
    2.063496685877908e-05,
    1.9766877812799066e-05,
    2.0648076315410435e-05,
    1.9671984773594886e-05,
    1.947295641002711e-05,
    1.9787985365837812e-05,
    2.036199475696776e-05,
    2.009590571105946e-05,
    2.0422867237357423e-05,
    1.992072066059336e-05,
    1.9800569134531543e-05,
    2.0156334358034655e-05,
    1.9359289581188932e-05,
    2.0005894839414395e-05,
    1.982864341698587e-05,
    2.015819336520508e-05,
    2.0030882296850905e-05,
    2.012218101299368e-05,
    2.0771685740328394e-05,
    2.1435140297398902e-05,
    1.9814888219116256e-05,
    2.119211421813816e-05,
    2.0412768208188936e-05
  ]
}