{
  "train": {
    "mae": 180.62983286402024,
    "rmse": 307.2805669101745,
    "mape": 0.4753134527078261,
    "n_samples": 1402
  },
  "val": {
    "mae": 118.38101326046805,
    "rmse": 227.3966176387631,
    "mape": 0.32293991662123656,
    "n_samples": 304
  },
  "test": {
    "mae": 180.3318525184142,
    "rmse": 441.4903127805074,
    "mape": 0.453696136336504,
    "n_samples": 304
  }
}